Liga Santander,jornada-1,Atlético,Luis Suárez,12
Liga Santander,jornada-1,Sevilla,Youssef En-Nesyri,12
Liga Santander,jornada-1,FC Barcelona,Lionel Messi,11
Liga Santander,jornada-1,Villarreal,Gerard Moreno,10
Liga Santander,jornada-1,Atlético,Jan Oblak,8
Liga Santander,jornada-1,Sevilla,Yassine Bounou,13
Liga Santander,jornada-1,FC Barcelona,Marc-André ter Stegen,11
Liga Santander,jornada-1,Real Madrid,Thibaut Courtois,18
Liga Santander,jornada-2,Atlético,Luis Suárez,12
Liga Santander,jornada-2,Sevilla,Youssef En-Nesyri,12
Liga Santander,jornada-2,FC Barcelona,Lionel Messi,11
Liga Santander,jornada-2,Villarreal,Gerard Moreno,10
Liga Santander,jornada-2,Atlético,Jan Oblak,8
Liga Santander,jornada-2,Sevilla,Yassine Bounou,13
Liga Santander,jornada-2,FC Barcelona,Marc-André ter Stegen,11
Liga Santander,jornada-2,Real Madrid,Thibaut Courtois,18
Liga Santander,jornada-3,Atlético,Luis Suárez,12
Liga Santander,jornada-3,Sevilla,Youssef En-Nesyri,12
Liga Santander,jornada-3,FC Barcelona,Lionel Messi,11
Liga Santander,jornada-3,Villarreal,Gerard Moreno,10
Liga Santander,jornada-3,Atlético,Jan Oblak,8
Liga Santander,jornada-3,Sevilla,Yassine Bounou,13
Liga Santander,jornada-3,FC Barcelona,Marc-André ter Stegen,11
Liga Santander,jornada-3,Real Madrid,Thibaut Courtois,18
Liga Santander,jornada-4,Atlético,Luis Suárez,12
Liga Santander,jornada-4,Sevilla,Youssef En-Nesyri,12
Liga Santander,jornada-4,FC Barcelona,Lionel Messi,11
Liga Santander,jornada-4,Villarreal,Gerard Moreno,10
Liga Santander,jornada-4,Atlético,Jan Oblak,8
Liga Santander,jornada-4,Sevilla,Yassine Bounou,13
Liga Santander,jornada-4,FC Barcelona,Marc-André ter Stegen,11
Liga Santander,jornada-4,Real Madrid,Thibaut Courtois,18
Liga Santander,jornada-5,Atlético,Luis Suárez,12
Liga Santander,jornada-5,Sevilla,Youssef En-Nesyri,12
Liga Santander,jornada-5,FC Barcelona,Lionel Messi,11
Liga Santander,jornada-5,Villarreal,Gerard Moreno,10
Liga Santander,jornada-5,Atlético,Jan Oblak,8
Liga Santander,jornada-5,Sevilla,Yassine Bounou,13
Liga Santander,jornada-5,FC Barcelona,Marc-André ter Stegen,11
Liga Santander,jornada-5,Real Madrid,Thibaut Courtois,18
Liga Santander,jornada-6,Atlético,Luis Suárez,12
Liga Santander,jornada-6,Sevilla,Youssef En-Nesyri,12
Liga Santander,jornada-6,FC Barcelona,Lionel Messi,11
Liga Santander,jornada-6,Villarreal,Gerard Moreno,10
Liga Santander,jornada-6,Atlético,Jan Oblak,8
Liga Santander,jornada-6,Sevilla,Yassine Bounou,13
Liga Santander,jornada-6,FC Barcelona,Marc-André ter Stegen,11
Liga Santander,jornada-6,Real Madrid,Thibaut Courtois,18
Liga Santander,jornada-7,Atlético,Luis Suárez,12
Liga Santander,jornada-7,Sevilla,Youssef En-Nesyri,12
Liga Santander,jornada-7,FC Barcelona,Lionel Messi,11
Liga Santander,jornada-7,Villarreal,Gerard Moreno,10
Liga Santander,jornada-7,Atlético,Jan Oblak,8
Liga Santander,jornada-7,Sevilla,Yassine Bounou,13
Liga Santander,jornada-7,FC Barcelona,Marc-André ter Stegen,11
Liga Santander,jornada-7,Real Madrid,Thibaut Courtois,18
Liga Santander,jornada-8,Atlético,Luis Suárez,12
Liga Santander,jornada-8,Sevilla,Youssef En-Nesyri,12
Liga Santander,jornada-8,FC Barcelona,Lionel Messi,11
Liga Santander,jornada-8,Villarreal,Gerard Moreno,10
Liga Santander,jornada-8,Atlético,Jan Oblak,8
Liga Santander,jornada-8,Sevilla,Yassine Bounou,13
Liga Santander,jornada-8,FC Barcelona,Marc-André ter Stegen,11
Liga Santander,jornada-8,Real Madrid,Thibaut Courtois,18
Liga Santander,jornada-9,Atlético,Luis Suárez,12
Liga Santander,jornada-9,Sevilla,Youssef En-Nesyri,12
Liga Santander,jornada-9,FC Barcelona,Lionel Messi,11
Liga Santander,jornada-9,Villarreal,Gerard Moreno,10
Liga Santander,jornada-9,Atlético,Jan Oblak,8
Liga Santander,jornada-9,Sevilla,Yassine Bounou,13
Liga Santander,jornada-9,FC Barcelona,Marc-André ter Stegen,11
Liga Santander,jornada-9,Real Madrid,Thibaut Courtois,18
Liga Santander,jornada-10,Atlético,Luis Suárez,12
Liga Santander,jornada-10,Sevilla,Youssef En-Nesyri,12
Liga Santander,jornada-10,FC Barcelona,Lionel Messi,11
Liga Santander,jornada-10,Villarreal,Gerard Moreno,10
Liga Santander,jornada-10,Atlético,Jan Oblak,8
Liga Santander,jornada-10,Sevilla,Yassine Bounou,13
Liga Santander,jornada-10,FC Barcelona,Marc-André ter Stegen,11
Liga Santander,jornada-10,Real Madrid,Thibaut Courtois,18
Liga Santander,jornada-11,Atlético,Luis Suárez,12
Liga Santander,jornada-11,Sevilla,Youssef En-Nesyri,12
Liga Santander,jornada-11,FC Barcelona,Lionel Messi,11
Liga Santander,jornada-11,Villarreal,Gerard Moreno,10
Liga Santander,jornada-11,Atlético,Jan Oblak,8
Liga Santander,jornada-11,Sevilla,Yassine Bounou,13
Liga Santander,jornada-11,FC Barcelona,Marc-André ter Stegen,11
Liga Santander,jornada-11,Real Madrid,Thibaut Courtois,18
Liga Santander,jornada-12,Atlético,Luis Suárez,12
Liga Santander,jornada-12,Sevilla,Youssef En-Nesyri,12
Liga Santander,jornada-12,FC Barcelona,Lionel Messi,11
Liga Santander,jornada-12,Villarreal,Gerard Moreno,10
Liga Santander,jornada-12,Atlético,Jan Oblak,8
Liga Santander,jornada-12,Sevilla,Yassine Bounou,13
Liga Santander,jornada-12,FC Barcelona,Marc-André ter Stegen,11
Liga Santander,jornada-12,Real Madrid,Thibaut Courtois,18
Liga Santander,jornada-13,Atlético,Luis Suárez,12
Liga Santander,jornada-13,Sevilla,Youssef En-Nesyri,12
Liga Santander,jornada-13,FC Barcelona,Lionel Messi,11
Liga Santander,jornada-13,Villarreal,Gerard Moreno,10
Liga Santander,jornada-13,Atlético,Jan Oblak,8
Liga Santander,jornada-13,Sevilla,Yassine Bounou,13
Liga Santander,jornada-13,FC Barcelona,Marc-André ter Stegen,11
Liga Santander,jornada-13,Real Madrid,Thibaut Courtois,18
Liga Santander,jornada-14,Atlético,Luis Suárez,12
Liga Santander,jornada-14,Sevilla,Youssef En-Nesyri,12
Liga Santander,jornada-14,FC Barcelona,Lionel Messi,11
Liga Santander,jornada-14,Villarreal,Gerard Moreno,10
Liga Santander,jornada-14,Atlético,Jan Oblak,8
Liga Santander,jornada-14,Sevilla,Yassine Bounou,13
Liga Santander,jornada-14,FC Barcelona,Marc-André ter Stegen,11
Liga Santander,jornada-14,Real Madrid,Thibaut Courtois,18
Liga Santander,jornada-15,Atlético,Luis Suárez,12
Liga Santander,jornada-15,Sevilla,Youssef En-Nesyri,12
Liga Santander,jornada-15,FC Barcelona,Lionel Messi,11
Liga Santander,jornada-15,Villarreal,Gerard Moreno,10
Liga Santander,jornada-15,Atlético,Jan Oblak,8
Liga Santander,jornada-15,Sevilla,Yassine Bounou,13
Liga Santander,jornada-15,FC Barcelona,Marc-André ter Stegen,11
Liga Santander,jornada-15,Real Madrid,Thibaut Courtois,18
Liga Santander,jornada-16,Atlético,Luis Suárez,12
Liga Santander,jornada-16,Sevilla,Youssef En-Nesyri,12
Liga Santander,jornada-16,FC Barcelona,Lionel Messi,11
Liga Santander,jornada-16,Villarreal,Gerard Moreno,10
Liga Santander,jornada-16,Atlético,Jan Oblak,8
Liga Santander,jornada-16,Sevilla,Yassine Bounou,13
Liga Santander,jornada-16,FC Barcelona,Marc-André ter Stegen,11
Liga Santander,jornada-16,Real Madrid,Thibaut Courtois,18
Liga Santander,jornada-17,Atlético,Luis Suárez,12
Liga Santander,jornada-17,Sevilla,Youssef En-Nesyri,12
Liga Santander,jornada-17,FC Barcelona,Lionel Messi,11
Liga Santander,jornada-17,Villarreal,Gerard Moreno,10
Liga Santander,jornada-17,Atlético,Jan Oblak,8
Liga Santander,jornada-17,Sevilla,Yassine Bounou,13
Liga Santander,jornada-17,FC Barcelona,Marc-André ter Stegen,11
Liga Santander,jornada-17,Real Madrid,Thibaut Courtois,18
Liga Santander,jornada-18,Atlético,Luis Suárez,12
Liga Santander,jornada-18,Sevilla,Youssef En-Nesyri,12
Liga Santander,jornada-18,FC Barcelona,Lionel Messi,11
Liga Santander,jornada-18,Villarreal,Gerard Moreno,10
Liga Santander,jornada-18,Atlético,Jan Oblak,8
Liga Santander,jornada-18,Sevilla,Yassine Bounou,13
Liga Santander,jornada-18,FC Barcelona,Marc-André ter Stegen,11
Liga Santander,jornada-18,Real Madrid,Thibaut Courtois,18
Liga Santander,jornada-19,Atlético,Luis Suárez,12
Liga Santander,jornada-19,Sevilla,Youssef En-Nesyri,12
Liga Santander,jornada-19,FC Barcelona,Lionel Messi,11
Liga Santander,jornada-19,Villarreal,Gerard Moreno,10
Liga Santander,jornada-19,Atlético,Jan Oblak,8
Liga Santander,jornada-19,Sevilla,Yassine Bounou,13
Liga Santander,jornada-19,FC Barcelona,Marc-André ter Stegen,11
Liga Santander,jornada-19,Real Madrid,Thibaut Courtois,18
Liga Santander,jornada-20,Atlético,Luis Suárez,12
Liga Santander,jornada-20,Sevilla,Youssef En-Nesyri,12
Liga Santander,jornada-20,FC Barcelona,Lionel Messi,11
Liga Santander,jornada-20,Villarreal,Gerard Moreno,10
Liga Santander,jornada-20,Atlético,Jan Oblak,8
Liga Santander,jornada-20,Sevilla,Yassine Bounou,13
Liga Santander,jornada-20,FC Barcelona,Marc-André ter Stegen,11
Liga Santander,jornada-20,Real Madrid,Thibaut Courtois,18
Liga Santander,jornada-21,Atlético,Luis Suárez,12
Liga Santander,jornada-21,Sevilla,Youssef En-Nesyri,12
Liga Santander,jornada-21,FC Barcelona,Lionel Messi,11
Liga Santander,jornada-21,Villarreal,Gerard Moreno,10
Liga Santander,jornada-21,Atlético,Jan Oblak,8
Liga Santander,jornada-21,Sevilla,Yassine Bounou,13
Liga Santander,jornada-21,FC Barcelona,Marc-André ter Stegen,11
Liga Santander,jornada-21,Real Madrid,Thibaut Courtois,18
Liga Santander,jornada-22,Atlético,Luis Suárez,12
Liga Santander,jornada-22,Sevilla,Youssef En-Nesyri,12
Liga Santander,jornada-22,FC Barcelona,Lionel Messi,11
Liga Santander,jornada-22,Villarreal,Gerard Moreno,10
Liga Santander,jornada-22,Atlético,Jan Oblak,8
Liga Santander,jornada-22,Sevilla,Yassine Bounou,13
Liga Santander,jornada-22,FC Barcelona,Marc-André ter Stegen,11
Liga Santander,jornada-22,Real Madrid,Thibaut Courtois,18
Liga Santander,jornada-23,Atlético,Luis Suárez,12
Liga Santander,jornada-23,Sevilla,Youssef En-Nesyri,12
Liga Santander,jornada-23,FC Barcelona,Lionel Messi,11
Liga Santander,jornada-23,Villarreal,Gerard Moreno,10
Liga Santander,jornada-23,Atlético,Jan Oblak,8
Liga Santander,jornada-23,Sevilla,Yassine Bounou,13
Liga Santander,jornada-23,FC Barcelona,Marc-André ter Stegen,11
Liga Santander,jornada-23,Real Madrid,Thibaut Courtois,18
Liga Santander,jornada-24,Atlético,Luis Suárez,12
Liga Santander,jornada-24,Sevilla,Youssef En-Nesyri,12
Liga Santander,jornada-24,FC Barcelona,Lionel Messi,11
Liga Santander,jornada-24,Villarreal,Gerard Moreno,10
Liga Santander,jornada-24,Atlético,Jan Oblak,8
Liga Santander,jornada-24,Sevilla,Yassine Bounou,13
Liga Santander,jornada-24,FC Barcelona,Marc-André ter Stegen,11
Liga Santander,jornada-24,Real Madrid,Thibaut Courtois,18
Liga Santander,jornada-25,Atlético,Luis Suárez,12
Liga Santander,jornada-25,Sevilla,Youssef En-Nesyri,12
Liga Santander,jornada-25,FC Barcelona,Lionel Messi,11
Liga Santander,jornada-25,Villarreal,Gerard Moreno,10
Liga Santander,jornada-25,Atlético,Jan Oblak,8
Liga Santander,jornada-25,Sevilla,Yassine Bounou,13
Liga Santander,jornada-25,FC Barcelona,Marc-André ter Stegen,11
Liga Santander,jornada-25,Real Madrid,Thibaut Courtois,18
Liga Santander,jornada-26,Atlético,Luis Suárez,12
Liga Santander,jornada-26,Sevilla,Youssef En-Nesyri,12
Liga Santander,jornada-26,FC Barcelona,Lionel Messi,11
Liga Santander,jornada-26,Villarreal,Gerard Moreno,10
Liga Santander,jornada-26,Atlético,Jan Oblak,8
Liga Santander,jornada-26,Sevilla,Yassine Bounou,13
Liga Santander,jornada-26,FC Barcelona,Marc-André ter Stegen,11
Liga Santander,jornada-26,Real Madrid,Thibaut Courtois,18
Liga Santander,jornada-27,Atlético,Luis Suárez,12
Liga Santander,jornada-27,Sevilla,Youssef En-Nesyri,12
Liga Santander,jornada-27,FC Barcelona,Lionel Messi,11
Liga Santander,jornada-27,Villarreal,Gerard Moreno,10
Liga Santander,jornada-27,Atlético,Jan Oblak,8
Liga Santander,jornada-27,Sevilla,Yassine Bounou,13
Liga Santander,jornada-27,FC Barcelona,Marc-André ter Stegen,11
Liga Santander,jornada-27,Real Madrid,Thibaut Courtois,18
Liga Santander,jornada-28,Atlético,Luis Suárez,12
Liga Santander,jornada-28,Sevilla,Youssef En-Nesyri,12
Liga Santander,jornada-28,FC Barcelona,Lionel Messi,11
Liga Santander,jornada-28,Villarreal,Gerard Moreno,10
Liga Santander,jornada-28,Atlético,Jan Oblak,8
Liga Santander,jornada-28,Sevilla,Yassine Bounou,13
Liga Santander,jornada-28,FC Barcelona,Marc-André ter Stegen,11
Liga Santander,jornada-28,Real Madrid,Thibaut Courtois,18
Liga Santander,jornada-29,Atlético,Luis Suárez,12
Liga Santander,jornada-29,Sevilla,Youssef En-Nesyri,12
Liga Santander,jornada-29,FC Barcelona,Lionel Messi,11
Liga Santander,jornada-29,Villarreal,Gerard Moreno,10
Liga Santander,jornada-29,Atlético,Jan Oblak,8
Liga Santander,jornada-29,Sevilla,Yassine Bounou,13
Liga Santander,jornada-29,FC Barcelona,Marc-André ter Stegen,11
Liga Santander,jornada-29,Real Madrid,Thibaut Courtois,18
Liga Santander,jornada-30,Atlético,Luis Suárez,12
Liga Santander,jornada-30,Sevilla,Youssef En-Nesyri,12
Liga Santander,jornada-30,FC Barcelona,Lionel Messi,11
Liga Santander,jornada-30,Villarreal,Gerard Moreno,10
Liga Santander,jornada-30,Atlético,Jan Oblak,8
Liga Santander,jornada-30,Sevilla,Yassine Bounou,13
Liga Santander,jornada-30,FC Barcelona,Marc-André ter Stegen,11
Liga Santander,jornada-30,Real Madrid,Thibaut Courtois,18
Liga Santander,jornada-31,Atlético,Luis Suárez,12
Liga Santander,jornada-31,Sevilla,Youssef En-Nesyri,12
Liga Santander,jornada-31,FC Barcelona,Lionel Messi,11
Liga Santander,jornada-31,Villarreal,Gerard Moreno,10
Liga Santander,jornada-31,Atlético,Jan Oblak,8
Liga Santander,jornada-31,Sevilla,Yassine Bounou,13
Liga Santander,jornada-31,FC Barcelona,Marc-André ter Stegen,11
Liga Santander,jornada-31,Real Madrid,Thibaut Courtois,18
Liga Santander,jornada-32,Atlético,Luis Suárez,12
Liga Santander,jornada-32,Sevilla,Youssef En-Nesyri,12
Liga Santander,jornada-32,FC Barcelona,Lionel Messi,11
Liga Santander,jornada-32,Villarreal,Gerard Moreno,10
Liga Santander,jornada-32,Atlético,Jan Oblak,8
Liga Santander,jornada-32,Sevilla,Yassine Bounou,13
Liga Santander,jornada-32,FC Barcelona,Marc-André ter Stegen,11
Liga Santander,jornada-32,Real Madrid,Thibaut Courtois,18
Liga Santander,jornada-33,Atlético,Luis Suárez,12
Liga Santander,jornada-33,Sevilla,Youssef En-Nesyri,12
Liga Santander,jornada-33,FC Barcelona,Lionel Messi,11
Liga Santander,jornada-33,Villarreal,Gerard Moreno,10
Liga Santander,jornada-33,Atlético,Jan Oblak,8
Liga Santander,jornada-33,Sevilla,Yassine Bounou,13
Liga Santander,jornada-33,FC Barcelona,Marc-André ter Stegen,11
Liga Santander,jornada-33,Real Madrid,Thibaut Courtois,18
Liga Santander,jornada-34,Atlético,Luis Suárez,12
Liga Santander,jornada-34,Sevilla,Youssef En-Nesyri,12
Liga Santander,jornada-34,FC Barcelona,Lionel Messi,11
Liga Santander,jornada-34,Villarreal,Gerard Moreno,10
Liga Santander,jornada-34,Atlético,Jan Oblak,8
Liga Santander,jornada-34,Sevilla,Yassine Bounou,13
Liga Santander,jornada-34,FC Barcelona,Marc-André ter Stegen,11
Liga Santander,jornada-34,Real Madrid,Thibaut Courtois,18
Liga Santander,jornada-35,Atlético,Luis Suárez,12
Liga Santander,jornada-35,Sevilla,Youssef En-Nesyri,12
Liga Santander,jornada-35,FC Barcelona,Lionel Messi,11
Liga Santander,jornada-35,Villarreal,Gerard Moreno,10
Liga Santander,jornada-35,Atlético,Jan Oblak,8
Liga Santander,jornada-35,Sevilla,Yassine Bounou,13
Liga Santander,jornada-35,FC Barcelona,Marc-André ter Stegen,11
Liga Santander,jornada-35,Real Madrid,Thibaut Courtois,18
Liga Santander,jornada-36,Atlético,Luis Suárez,12
Liga Santander,jornada-36,Sevilla,Youssef En-Nesyri,12
Liga Santander,jornada-36,FC Barcelona,Lionel Messi,11
Liga Santander,jornada-36,Villarreal,Gerard Moreno,10
Liga Santander,jornada-36,Atlético,Jan Oblak,8
Liga Santander,jornada-36,Sevilla,Yassine Bounou,13
Liga Santander,jornada-36,FC Barcelona,Marc-André ter Stegen,11
Liga Santander,jornada-36,Real Madrid,Thibaut Courtois,18
Liga Santander,jornada-37,Atlético,Luis Suárez,12
Liga Santander,jornada-37,Sevilla,Youssef En-Nesyri,12
Liga Santander,jornada-37,FC Barcelona,Lionel Messi,11
Liga Santander,jornada-37,Villarreal,Gerard Moreno,10
Liga Santander,jornada-37,Atlético,Jan Oblak,8
Liga Santander,jornada-37,Sevilla,Yassine Bounou,13
Liga Santander,jornada-37,FC Barcelona,Marc-André ter Stegen,11
Liga Santander,jornada-37,Real Madrid,Thibaut Courtois,18
Liga Santander,jornada-38,Atlético,Luis Suárez,12
Liga Santander,jornada-38,Sevilla,Youssef En-Nesyri,12
Liga Santander,jornada-38,FC Barcelona,Lionel Messi,11
Liga Santander,jornada-38,Villarreal,Gerard Moreno,10
Liga Santander,jornada-38,Atlético,Jan Oblak,8
Liga Santander,jornada-38,Sevilla,Yassine Bounou,13
Liga Santander,jornada-38,FC Barcelona,Marc-André ter Stegen,11
Liga Santander,jornada-38,Real Madrid,Thibaut Courtois,18
Premier League,jornada-1,Liverpool,Mohamed Salah Ghaly,13
Premier League,jornada-1,Tottenham,Harry Kane,12
Premier League,jornada-1,Tottenham,Heung-Min Son,12
Premier League,jornada-1,Leicester City,Jamie Vardy,11
Premier League,jornada-1,Man City,Ederson Moraes,12
Premier League,jornada-1,Liverpool,Alisson,14
Premier League,jornada-1,Chelsea,Edouard Mendy,14
Premier League,jornada-1,Arsenal,Bernd Leno,20
Premier League,jornada-2,Liverpool,Mohamed Salah Ghaly,13
Premier League,jornada-2,Tottenham,Harry Kane,12
Premier League,jornada-2,Tottenham,Heung-Min Son,12
Premier League,jornada-2,Leicester City,Jamie Vardy,11
Premier League,jornada-2,Man City,Ederson Moraes,12
Premier League,jornada-2,Liverpool,Alisson,14
Premier League,jornada-2,Chelsea,Edouard Mendy,14
Premier League,jornada-2,Arsenal,Bernd Leno,20
Premier League,jornada-3,Liverpool,Mohamed Salah Ghaly,13
Premier League,jornada-3,Tottenham,Harry Kane,12
Premier League,jornada-3,Tottenham,Heung-Min Son,12
Premier League,jornada-3,Leicester City,Jamie Vardy,11
Premier League,jornada-3,Man City,Ederson Moraes,12
Premier League,jornada-3,Liverpool,Alisson,14
Premier League,jornada-3,Chelsea,Edouard Mendy,14
Premier League,jornada-3,Arsenal,Bernd Leno,20
Premier League,jornada-4,Liverpool,Mohamed Salah Ghaly,13
Premier League,jornada-4,Tottenham,Harry Kane,12
Premier League,jornada-4,Tottenham,Heung-Min Son,12
Premier League,jornada-4,Leicester City,Jamie Vardy,11
Premier League,jornada-4,Man City,Ederson Moraes,12
Premier League,jornada-4,Liverpool,Alisson,14
Premier League,jornada-4,Chelsea,Edouard Mendy,14
Premier League,jornada-4,Arsenal,Bernd Leno,20
Premier League,jornada-5,Liverpool,Mohamed Salah Ghaly,13
Premier League,jornada-5,Tottenham,Harry Kane,12
Premier League,jornada-5,Tottenham,Heung-Min Son,12
Premier League,jornada-5,Leicester City,Jamie Vardy,11
Premier League,jornada-5,Man City,Ederson Moraes,12
Premier League,jornada-5,Liverpool,Alisson,14
Premier League,jornada-5,Chelsea,Edouard Mendy,14
Premier League,jornada-5,Arsenal,Bernd Leno,20
Premier League,jornada-6,Liverpool,Mohamed Salah Ghaly,13
Premier League,jornada-6,Tottenham,Harry Kane,12
Premier League,jornada-6,Tottenham,Heung-Min Son,12
Premier League,jornada-6,Leicester City,Jamie Vardy,11
Premier League,jornada-6,Man City,Ederson Moraes,12
Premier League,jornada-6,Liverpool,Alisson,14
Premier League,jornada-6,Chelsea,Edouard Mendy,14
Premier League,jornada-6,Arsenal,Bernd Leno,20
Premier League,jornada-7,Liverpool,Mohamed Salah Ghaly,13
Premier League,jornada-7,Tottenham,Harry Kane,12
Premier League,jornada-7,Tottenham,Heung-Min Son,12
Premier League,jornada-7,Leicester City,Jamie Vardy,11
Premier League,jornada-7,Man City,Ederson Moraes,12
Premier League,jornada-7,Liverpool,Alisson,14
Premier League,jornada-7,Chelsea,Edouard Mendy,14
Premier League,jornada-7,Arsenal,Bernd Leno,20
Premier League,jornada-8,Liverpool,Mohamed Salah Ghaly,13
Premier League,jornada-8,Tottenham,Harry Kane,12
Premier League,jornada-8,Tottenham,Heung-Min Son,12
Premier League,jornada-8,Leicester City,Jamie Vardy,11
Premier League,jornada-8,Man City,Ederson Moraes,12
Premier League,jornada-8,Liverpool,Alisson,14
Premier League,jornada-8,Chelsea,Edouard Mendy,14
Premier League,jornada-8,Arsenal,Bernd Leno,20
Premier League,jornada-9,Liverpool,Mohamed Salah Ghaly,13
Premier League,jornada-9,Tottenham,Harry Kane,12
Premier League,jornada-9,Tottenham,Heung-Min Son,12
Premier League,jornada-9,Leicester City,Jamie Vardy,11
Premier League,jornada-9,Man City,Ederson Moraes,12
Premier League,jornada-9,Liverpool,Alisson,14
Premier League,jornada-9,Chelsea,Edouard Mendy,14
Premier League,jornada-9,Arsenal,Bernd Leno,20
Premier League,jornada-10,Liverpool,Mohamed Salah Ghaly,13
Premier League,jornada-10,Tottenham,Harry Kane,12
Premier League,jornada-10,Tottenham,Heung-Min Son,12
Premier League,jornada-10,Leicester City,Jamie Vardy,11
Premier League,jornada-10,Man City,Ederson Moraes,12
Premier League,jornada-10,Liverpool,Alisson,14
Premier League,jornada-10,Chelsea,Edouard Mendy,14
Premier League,jornada-10,Arsenal,Bernd Leno,20
Premier League,jornada-11,Liverpool,Mohamed Salah Ghaly,13
Premier League,jornada-11,Tottenham,Harry Kane,12
Premier League,jornada-11,Tottenham,Heung-Min Son,12
Premier League,jornada-11,Leicester City,Jamie Vardy,11
Premier League,jornada-11,Man City,Ederson Moraes,12
Premier League,jornada-11,Liverpool,Alisson,14
Premier League,jornada-11,Chelsea,Edouard Mendy,14
Premier League,jornada-11,Arsenal,Bernd Leno,20
Premier League,jornada-12,Liverpool,Mohamed Salah Ghaly,13
Premier League,jornada-12,Tottenham,Harry Kane,12
Premier League,jornada-12,Tottenham,Heung-Min Son,12
Premier League,jornada-12,Leicester City,Jamie Vardy,11
Premier League,jornada-12,Man City,Ederson Moraes,12
Premier League,jornada-12,Liverpool,Alisson,14
Premier League,jornada-12,Chelsea,Edouard Mendy,14
Premier League,jornada-12,Arsenal,Bernd Leno,20
Premier League,jornada-13,Liverpool,Mohamed Salah Ghaly,13
Premier League,jornada-13,Tottenham,Harry Kane,12
Premier League,jornada-13,Tottenham,Heung-Min Son,12
Premier League,jornada-13,Leicester City,Jamie Vardy,11
Premier League,jornada-13,Man City,Ederson Moraes,12
Premier League,jornada-13,Liverpool,Alisson,14
Premier League,jornada-13,Chelsea,Edouard Mendy,14
Premier League,jornada-13,Arsenal,Bernd Leno,20
Premier League,jornada-14,Liverpool,Mohamed Salah Ghaly,13
Premier League,jornada-14,Tottenham,Harry Kane,12
Premier League,jornada-14,Tottenham,Heung-Min Son,12
Premier League,jornada-14,Leicester City,Jamie Vardy,11
Premier League,jornada-14,Man City,Ederson Moraes,12
Premier League,jornada-14,Liverpool,Alisson,14
Premier League,jornada-14,Chelsea,Edouard Mendy,14
Premier League,jornada-14,Arsenal,Bernd Leno,20
Premier League,jornada-15,Liverpool,Mohamed Salah Ghaly,13
Premier League,jornada-15,Tottenham,Harry Kane,12
Premier League,jornada-15,Tottenham,Heung-Min Son,12
Premier League,jornada-15,Leicester City,Jamie Vardy,11
Premier League,jornada-15,Man City,Ederson Moraes,12
Premier League,jornada-15,Liverpool,Alisson,14
Premier League,jornada-15,Chelsea,Edouard Mendy,14
Premier League,jornada-15,Arsenal,Bernd Leno,20
Premier League,jornada-16,Liverpool,Mohamed Salah Ghaly,13
Premier League,jornada-16,Tottenham,Harry Kane,12
Premier League,jornada-16,Tottenham,Heung-Min Son,12
Premier League,jornada-16,Leicester City,Jamie Vardy,11
Premier League,jornada-16,Man City,Ederson Moraes,12
Premier League,jornada-16,Liverpool,Alisson,14
Premier League,jornada-16,Chelsea,Edouard Mendy,14
Premier League,jornada-16,Arsenal,Bernd Leno,20
Premier League,jornada-17,Liverpool,Mohamed Salah Ghaly,13
Premier League,jornada-17,Tottenham,Harry Kane,12
Premier League,jornada-17,Tottenham,Heung-Min Son,12
Premier League,jornada-17,Leicester City,Jamie Vardy,11
Premier League,jornada-17,Man City,Ederson Moraes,12
Premier League,jornada-17,Liverpool,Alisson,14
Premier League,jornada-17,Chelsea,Edouard Mendy,14
Premier League,jornada-17,Arsenal,Bernd Leno,20
Premier League,jornada-18,Liverpool,Mohamed Salah Ghaly,13
Premier League,jornada-18,Tottenham,Harry Kane,12
Premier League,jornada-18,Tottenham,Heung-Min Son,12
Premier League,jornada-18,Leicester City,Jamie Vardy,11
Premier League,jornada-18,Man City,Ederson Moraes,12
Premier League,jornada-18,Liverpool,Alisson,14
Premier League,jornada-18,Chelsea,Edouard Mendy,14
Premier League,jornada-18,Arsenal,Bernd Leno,20
Premier League,jornada-19,Liverpool,Mohamed Salah Ghaly,13
Premier League,jornada-19,Tottenham,Harry Kane,12
Premier League,jornada-19,Tottenham,Heung-Min Son,12
Premier League,jornada-19,Leicester City,Jamie Vardy,11
Premier League,jornada-19,Man City,Ederson Moraes,12
Premier League,jornada-19,Liverpool,Alisson,14
Premier League,jornada-19,Chelsea,Edouard Mendy,14
Premier League,jornada-19,Arsenal,Bernd Leno,20
Premier League,jornada-20,Liverpool,Mohamed Salah Ghaly,13
Premier League,jornada-20,Tottenham,Harry Kane,12
Premier League,jornada-20,Tottenham,Heung-Min Son,12
Premier League,jornada-20,Leicester City,Jamie Vardy,11
Premier League,jornada-20,Man City,Ederson Moraes,12
Premier League,jornada-20,Liverpool,Alisson,14
Premier League,jornada-20,Chelsea,Edouard Mendy,14
Premier League,jornada-20,Arsenal,Bernd Leno,20
Premier League,jornada-21,Liverpool,Mohamed Salah Ghaly,13
Premier League,jornada-21,Tottenham,Harry Kane,12
Premier League,jornada-21,Tottenham,Heung-Min Son,12
Premier League,jornada-21,Leicester City,Jamie Vardy,11
Premier League,jornada-21,Man City,Ederson Moraes,12
Premier League,jornada-21,Liverpool,Alisson,14
Premier League,jornada-21,Chelsea,Edouard Mendy,14
Premier League,jornada-21,Arsenal,Bernd Leno,20
Premier League,jornada-22,Liverpool,Mohamed Salah Ghaly,13
Premier League,jornada-22,Tottenham,Harry Kane,12
Premier League,jornada-22,Tottenham,Heung-Min Son,12
Premier League,jornada-22,Leicester City,Jamie Vardy,11
Premier League,jornada-22,Man City,Ederson Moraes,12
Premier League,jornada-22,Liverpool,Alisson,14
Premier League,jornada-22,Chelsea,Edouard Mendy,14
Premier League,jornada-22,Arsenal,Bernd Leno,20
Premier League,jornada-23,Liverpool,Mohamed Salah Ghaly,13
Premier League,jornada-23,Tottenham,Harry Kane,12
Premier League,jornada-23,Tottenham,Heung-Min Son,12
Premier League,jornada-23,Leicester City,Jamie Vardy,11
Premier League,jornada-23,Man City,Ederson Moraes,12
Premier League,jornada-23,Liverpool,Alisson,14
Premier League,jornada-23,Chelsea,Edouard Mendy,14
Premier League,jornada-23,Arsenal,Bernd Leno,20
Premier League,jornada-24,Liverpool,Mohamed Salah Ghaly,13
Premier League,jornada-24,Tottenham,Harry Kane,12
Premier League,jornada-24,Tottenham,Heung-Min Son,12
Premier League,jornada-24,Leicester City,Jamie Vardy,11
Premier League,jornada-24,Man City,Ederson Moraes,12
Premier League,jornada-24,Liverpool,Alisson,14
Premier League,jornada-24,Chelsea,Edouard Mendy,14
Premier League,jornada-24,Arsenal,Bernd Leno,20
Premier League,jornada-25,Liverpool,Mohamed Salah Ghaly,13
Premier League,jornada-25,Tottenham,Harry Kane,12
Premier League,jornada-25,Tottenham,Heung-Min Son,12
Premier League,jornada-25,Leicester City,Jamie Vardy,11
Premier League,jornada-25,Man City,Ederson Moraes,12
Premier League,jornada-25,Liverpool,Alisson,14
Premier League,jornada-25,Chelsea,Edouard Mendy,14
Premier League,jornada-25,Arsenal,Bernd Leno,20
Premier League,jornada-26,Liverpool,Mohamed Salah Ghaly,13
Premier League,jornada-26,Tottenham,Harry Kane,12
Premier League,jornada-26,Tottenham,Heung-Min Son,12
Premier League,jornada-26,Leicester City,Jamie Vardy,11
Premier League,jornada-26,Man City,Ederson Moraes,12
Premier League,jornada-26,Liverpool,Alisson,14
Premier League,jornada-26,Chelsea,Edouard Mendy,14
Premier League,jornada-26,Arsenal,Bernd Leno,20
Premier League,jornada-27,Liverpool,Mohamed Salah Ghaly,13
Premier League,jornada-27,Tottenham,Harry Kane,12
Premier League,jornada-27,Tottenham,Heung-Min Son,12
Premier League,jornada-27,Leicester City,Jamie Vardy,11
Premier League,jornada-27,Man City,Ederson Moraes,12
Premier League,jornada-27,Liverpool,Alisson,14
Premier League,jornada-27,Chelsea,Edouard Mendy,14
Premier League,jornada-27,Arsenal,Bernd Leno,20
Premier League,jornada-28,Liverpool,Mohamed Salah Ghaly,13
Premier League,jornada-28,Tottenham,Harry Kane,12
Premier League,jornada-28,Tottenham,Heung-Min Son,12
Premier League,jornada-28,Leicester City,Jamie Vardy,11
Premier League,jornada-28,Man City,Ederson Moraes,12
Premier League,jornada-28,Liverpool,Alisson,14
Premier League,jornada-28,Chelsea,Edouard Mendy,14
Premier League,jornada-28,Arsenal,Bernd Leno,20
Premier League,jornada-29,Liverpool,Mohamed Salah Ghaly,13
Premier League,jornada-29,Tottenham,Harry Kane,12
Premier League,jornada-29,Tottenham,Heung-Min Son,12
Premier League,jornada-29,Leicester City,Jamie Vardy,11
Premier League,jornada-29,Man City,Ederson Moraes,12
Premier League,jornada-29,Liverpool,Alisson,14
Premier League,jornada-29,Chelsea,Edouard Mendy,14
Premier League,jornada-29,Arsenal,Bernd Leno,20
Premier League,jornada-30,Liverpool,Mohamed Salah Ghaly,13
Premier League,jornada-30,Tottenham,Harry Kane,12
Premier League,jornada-30,Tottenham,Heung-Min Son,12
Premier League,jornada-30,Leicester City,Jamie Vardy,11
Premier League,jornada-30,Man City,Ederson Moraes,12
Premier League,jornada-30,Liverpool,Alisson,14
Premier League,jornada-30,Chelsea,Edouard Mendy,14
Premier League,jornada-30,Arsenal,Bernd Leno,20
Premier League,jornada-31,Liverpool,Mohamed Salah Ghaly,13
Premier League,jornada-31,Tottenham,Harry Kane,12
Premier League,jornada-31,Tottenham,Heung-Min Son,12
Premier League,jornada-31,Leicester City,Jamie Vardy,11
Premier League,jornada-31,Man City,Ederson Moraes,12
Premier League,jornada-31,Liverpool,Alisson,14
Premier League,jornada-31,Chelsea,Edouard Mendy,14
Premier League,jornada-31,Arsenal,Bernd Leno,20
Premier League,jornada-32,Liverpool,Mohamed Salah Ghaly,13
Premier League,jornada-32,Tottenham,Harry Kane,12
Premier League,jornada-32,Tottenham,Heung-Min Son,12
Premier League,jornada-32,Leicester City,Jamie Vardy,11
Premier League,jornada-32,Man City,Ederson Moraes,12
Premier League,jornada-32,Liverpool,Alisson,14
Premier League,jornada-32,Chelsea,Edouard Mendy,14
Premier League,jornada-32,Arsenal,Bernd Leno,20
Premier League,jornada-33,Liverpool,Mohamed Salah Ghaly,13
Premier League,jornada-33,Tottenham,Harry Kane,12
Premier League,jornada-33,Tottenham,Heung-Min Son,12
Premier League,jornada-33,Leicester City,Jamie Vardy,11
Premier League,jornada-33,Man City,Ederson Moraes,12
Premier League,jornada-33,Liverpool,Alisson,14
Premier League,jornada-33,Chelsea,Edouard Mendy,14
Premier League,jornada-33,Arsenal,Bernd Leno,20
Premier League,jornada-34,Liverpool,Mohamed Salah Ghaly,13
Premier League,jornada-34,Tottenham,Harry Kane,12
Premier League,jornada-34,Tottenham,Heung-Min Son,12
Premier League,jornada-34,Leicester City,Jamie Vardy,11
Premier League,jornada-34,Man City,Ederson Moraes,12
Premier League,jornada-34,Liverpool,Alisson,14
Premier League,jornada-34,Chelsea,Edouard Mendy,14
Premier League,jornada-34,Arsenal,Bernd Leno,20
Premier League,jornada-35,Liverpool,Mohamed Salah Ghaly,13
Premier League,jornada-35,Tottenham,Harry Kane,12
Premier League,jornada-35,Tottenham,Heung-Min Son,12
Premier League,jornada-35,Leicester City,Jamie Vardy,11
Premier League,jornada-35,Man City,Ederson Moraes,12
Premier League,jornada-35,Liverpool,Alisson,14
Premier League,jornada-35,Chelsea,Edouard Mendy,14
Premier League,jornada-35,Arsenal,Bernd Leno,20
Premier League,jornada-36,Liverpool,Mohamed Salah Ghaly,13
Premier League,jornada-36,Tottenham,Harry Kane,12
Premier League,jornada-36,Tottenham,Heung-Min Son,12
Premier League,jornada-36,Leicester City,Jamie Vardy,11
Premier League,jornada-36,Man City,Ederson Moraes,12
Premier League,jornada-36,Liverpool,Alisson,14
Premier League,jornada-36,Chelsea,Edouard Mendy,14
Premier League,jornada-36,Arsenal,Bernd Leno,20
Premier League,jornada-37,Liverpool,Mohamed Salah Ghaly,13
Premier League,jornada-37,Tottenham,Harry Kane,12
Premier League,jornada-37,Tottenham,Heung-Min Son,12
Premier League,jornada-37,Leicester City,Jamie Vardy,11
Premier League,jornada-37,Man City,Ederson Moraes,12
Premier League,jornada-37,Liverpool,Alisson,14
Premier League,jornada-37,Chelsea,Edouard Mendy,14
Premier League,jornada-37,Arsenal,Bernd Leno,20
Premier League,jornada-38,Liverpool,Mohamed Salah Ghaly,13
Premier League,jornada-38,Tottenham,Harry Kane,12
Premier League,jornada-38,Tottenham,Heung-Min Son,12
Premier League,jornada-38,Leicester City,Jamie Vardy,11
Premier League,jornada-38,Man City,Ederson Moraes,12
Premier League,jornada-38,Liverpool,Alisson,14
Premier League,jornada-38,Chelsea,Edouard Mendy,14
Premier League,jornada-38,Arsenal,Bernd Leno,20
Europa League,1a-eliminatoria,Lille,Yusuf Yazici,6
Europa League,1a-eliminatoria,Benfica,Pizzi,6
Europa League,1a-eliminatoria,Benfica,Darwin Nuñez,5
Europa League,1a-eliminatoria,Lech Poznan,Mikael Ishak,5
Europa League,1a-eliminatoria,Hoffenheim,Oliver Baumann,1
Europa League,1a-eliminatoria,Din.Zagreb,Dominik Livakovic,1
Europa League,1a-eliminatoria,Roma,Pau López,2
Europa League,1a-eliminatoria,Granada,Rui Silva,3
Europa League,fase-de-grupos,Lille,Yusuf Yazici,6
Europa League,fase-de-grupos,Benfica,Pizzi,6
Europa League,fase-de-grupos,Benfica,Darwin Nuñez,5
Europa League,fase-de-grupos,Lech Poznan,Mikael Ishak,5
Europa League,fase-de-grupos,Hoffenheim,Oliver Baumann,1
Europa League,fase-de-grupos,Din.Zagreb,Dominik Livakovic,1
Europa League,fase-de-grupos,Roma,Pau López,2
Europa League,fase-de-grupos,Granada,Rui Silva,3
Champions,fase-de-grupos,Borussia Dortmund,Erling Haaland,6
Champions,fase-de-grupos,PSG,Neymar,6
Champions,fase-de-grupos,Man Utd.,Marcus Rashford,6
Champions,fase-de-grupos,Juventus,Álvaro Morata,6
Champions,fase-de-grupos,Man City,Ederson Moraes,1
Champions,fase-de-grupos,Chelsea,Edouard Mendy,1
Champions,fase-de-grupos,Borussia Dortmund,Roman Burki,1
Champions,fase-de-grupos,Porto,Agustín Marchesín,3
Liga 1|2|3,jornada-1,Espanyol,Raúl De Tomás,12
Liga 1|2|3,jornada-1,Sporting,Uros Djurdjevic,12
Liga 1|2|3,jornada-1,Almería,Umar Sadiq Mesbah,11
Liga 1|2|3,jornada-1,Almería,José Corpas,9
Liga 1|2|3,jornada-1,Mallorca,Manolo Reina,11
Liga 1|2|3,jornada-1,Espanyol,Diego López,11
Liga 1|2|3,jornada-1,Leganés,Iván Cuéllar,11
Liga 1|2|3,jornada-1,Girona,Juan Carlos,15
Liga 1|2|3,jornada-2,Espanyol,Raúl De Tomás,12
Liga 1|2|3,jornada-2,Sporting,Uros Djurdjevic,12
Liga 1|2|3,jornada-2,Almería,Umar Sadiq Mesbah,11
Liga 1|2|3,jornada-2,Almería,José Corpas,9
Liga 1|2|3,jornada-2,Mallorca,Manolo Reina,11
Liga 1|2|3,jornada-2,Espanyol,Diego López,11
Liga 1|2|3,jornada-2,Leganés,Iván Cuéllar,11
Liga 1|2|3,jornada-2,Girona,Juan Carlos,15
Liga 1|2|3,jornada-3,Espanyol,Raúl De Tomás,12
Liga 1|2|3,jornada-3,Sporting,Uros Djurdjevic,12
Liga 1|2|3,jornada-3,Almería,Umar Sadiq Mesbah,11
Liga 1|2|3,jornada-3,Almería,José Corpas,9
Liga 1|2|3,jornada-3,Mallorca,Manolo Reina,11
Liga 1|2|3,jornada-3,Espanyol,Diego López,11
Liga 1|2|3,jornada-3,Leganés,Iván Cuéllar,11
Liga 1|2|3,jornada-3,Girona,Juan Carlos,15
Liga 1|2|3,jornada-4,Espanyol,Raúl De Tomás,12
Liga 1|2|3,jornada-4,Sporting,Uros Djurdjevic,12
Liga 1|2|3,jornada-4,Almería,Umar Sadiq Mesbah,11
Liga 1|2|3,jornada-4,Almería,José Corpas,9
Liga 1|2|3,jornada-4,Mallorca,Manolo Reina,11
Liga 1|2|3,jornada-4,Espanyol,Diego López,11
Liga 1|2|3,jornada-4,Leganés,Iván Cuéllar,11
Liga 1|2|3,jornada-4,Girona,Juan Carlos,15
Liga 1|2|3,jornada-5,Espanyol,Raúl De Tomás,12
Liga 1|2|3,jornada-5,Sporting,Uros Djurdjevic,12
Liga 1|2|3,jornada-5,Almería,Umar Sadiq Mesbah,11
Liga 1|2|3,jornada-5,Almería,José Corpas,9
Liga 1|2|3,jornada-5,Mallorca,Manolo Reina,11
Liga 1|2|3,jornada-5,Espanyol,Diego López,11
Liga 1|2|3,jornada-5,Leganés,Iván Cuéllar,11
Liga 1|2|3,jornada-5,Girona,Juan Carlos,15
Liga 1|2|3,jornada-6,Espanyol,Raúl De Tomás,12
Liga 1|2|3,jornada-6,Sporting,Uros Djurdjevic,12
Liga 1|2|3,jornada-6,Almería,Umar Sadiq Mesbah,11
Liga 1|2|3,jornada-6,Almería,José Corpas,9
Liga 1|2|3,jornada-6,Mallorca,Manolo Reina,11
Liga 1|2|3,jornada-6,Espanyol,Diego López,11
Liga 1|2|3,jornada-6,Leganés,Iván Cuéllar,11
Liga 1|2|3,jornada-6,Girona,Juan Carlos,15
Liga 1|2|3,jornada-7,Espanyol,Raúl De Tomás,12
Liga 1|2|3,jornada-7,Sporting,Uros Djurdjevic,12
Liga 1|2|3,jornada-7,Almería,Umar Sadiq Mesbah,11
Liga 1|2|3,jornada-7,Almería,José Corpas,9
Liga 1|2|3,jornada-7,Mallorca,Manolo Reina,11
Liga 1|2|3,jornada-7,Espanyol,Diego López,11
Liga 1|2|3,jornada-7,Leganés,Iván Cuéllar,11
Liga 1|2|3,jornada-7,Girona,Juan Carlos,15
Liga 1|2|3,jornada-8,Espanyol,Raúl De Tomás,12
Liga 1|2|3,jornada-8,Sporting,Uros Djurdjevic,12
Liga 1|2|3,jornada-8,Almería,Umar Sadiq Mesbah,11
Liga 1|2|3,jornada-8,Almería,José Corpas,9
Liga 1|2|3,jornada-8,Mallorca,Manolo Reina,11
Liga 1|2|3,jornada-8,Espanyol,Diego López,11
Liga 1|2|3,jornada-8,Leganés,Iván Cuéllar,11
Liga 1|2|3,jornada-8,Girona,Juan Carlos,15
Liga 1|2|3,jornada-9,Espanyol,Raúl De Tomás,12
Liga 1|2|3,jornada-9,Sporting,Uros Djurdjevic,12
Liga 1|2|3,jornada-9,Almería,Umar Sadiq Mesbah,11
Liga 1|2|3,jornada-9,Almería,José Corpas,9
Liga 1|2|3,jornada-9,Mallorca,Manolo Reina,11
Liga 1|2|3,jornada-9,Espanyol,Diego López,11
Liga 1|2|3,jornada-9,Leganés,Iván Cuéllar,11
Liga 1|2|3,jornada-9,Girona,Juan Carlos,15
Liga 1|2|3,jornada-10,Espanyol,Raúl De Tomás,12
Liga 1|2|3,jornada-10,Sporting,Uros Djurdjevic,12
Liga 1|2|3,jornada-10,Almería,Umar Sadiq Mesbah,11
Liga 1|2|3,jornada-10,Almería,José Corpas,9
Liga 1|2|3,jornada-10,Mallorca,Manolo Reina,11
Liga 1|2|3,jornada-10,Espanyol,Diego López,11
Liga 1|2|3,jornada-10,Leganés,Iván Cuéllar,11
Liga 1|2|3,jornada-10,Girona,Juan Carlos,15
Liga 1|2|3,jornada-11,Espanyol,Raúl De Tomás,12
Liga 1|2|3,jornada-11,Sporting,Uros Djurdjevic,12
Liga 1|2|3,jornada-11,Almería,Umar Sadiq Mesbah,11
Liga 1|2|3,jornada-11,Almería,José Corpas,9
Liga 1|2|3,jornada-11,Mallorca,Manolo Reina,11
Liga 1|2|3,jornada-11,Espanyol,Diego López,11
Liga 1|2|3,jornada-11,Leganés,Iván Cuéllar,11
Liga 1|2|3,jornada-11,Girona,Juan Carlos,15
Liga 1|2|3,jornada-12,Espanyol,Raúl De Tomás,12
Liga 1|2|3,jornada-12,Sporting,Uros Djurdjevic,12
Liga 1|2|3,jornada-12,Almería,Umar Sadiq Mesbah,11
Liga 1|2|3,jornada-12,Almería,José Corpas,9
Liga 1|2|3,jornada-12,Mallorca,Manolo Reina,11
Liga 1|2|3,jornada-12,Espanyol,Diego López,11
Liga 1|2|3,jornada-12,Leganés,Iván Cuéllar,11
Liga 1|2|3,jornada-12,Girona,Juan Carlos,15
Liga 1|2|3,jornada-13,Espanyol,Raúl De Tomás,12
Liga 1|2|3,jornada-13,Sporting,Uros Djurdjevic,12
Liga 1|2|3,jornada-13,Almería,Umar Sadiq Mesbah,11
Liga 1|2|3,jornada-13,Almería,José Corpas,9
Liga 1|2|3,jornada-13,Mallorca,Manolo Reina,11
Liga 1|2|3,jornada-13,Espanyol,Diego López,11
Liga 1|2|3,jornada-13,Leganés,Iván Cuéllar,11
Liga 1|2|3,jornada-13,Girona,Juan Carlos,15
Liga 1|2|3,jornada-14,Espanyol,Raúl De Tomás,12
Liga 1|2|3,jornada-14,Sporting,Uros Djurdjevic,12
Liga 1|2|3,jornada-14,Almería,Umar Sadiq Mesbah,11
Liga 1|2|3,jornada-14,Almería,José Corpas,9
Liga 1|2|3,jornada-14,Mallorca,Manolo Reina,11
Liga 1|2|3,jornada-14,Espanyol,Diego López,11
Liga 1|2|3,jornada-14,Leganés,Iván Cuéllar,11
Liga 1|2|3,jornada-14,Girona,Juan Carlos,15
Liga 1|2|3,jornada-15,Espanyol,Raúl De Tomás,12
Liga 1|2|3,jornada-15,Sporting,Uros Djurdjevic,12
Liga 1|2|3,jornada-15,Almería,Umar Sadiq Mesbah,11
Liga 1|2|3,jornada-15,Almería,José Corpas,9
Liga 1|2|3,jornada-15,Mallorca,Manolo Reina,11
Liga 1|2|3,jornada-15,Espanyol,Diego López,11
Liga 1|2|3,jornada-15,Leganés,Iván Cuéllar,11
Liga 1|2|3,jornada-15,Girona,Juan Carlos,15
Liga 1|2|3,jornada-16,Espanyol,Raúl De Tomás,12
Liga 1|2|3,jornada-16,Sporting,Uros Djurdjevic,12
Liga 1|2|3,jornada-16,Almería,Umar Sadiq Mesbah,11
Liga 1|2|3,jornada-16,Almería,José Corpas,9
Liga 1|2|3,jornada-16,Mallorca,Manolo Reina,11
Liga 1|2|3,jornada-16,Espanyol,Diego López,11
Liga 1|2|3,jornada-16,Leganés,Iván Cuéllar,11
Liga 1|2|3,jornada-16,Girona,Juan Carlos,15
Liga 1|2|3,jornada-17,Espanyol,Raúl De Tomás,12
Liga 1|2|3,jornada-17,Sporting,Uros Djurdjevic,12
Liga 1|2|3,jornada-17,Almería,Umar Sadiq Mesbah,11
Liga 1|2|3,jornada-17,Almería,José Corpas,9
Liga 1|2|3,jornada-17,Mallorca,Manolo Reina,11
Liga 1|2|3,jornada-17,Espanyol,Diego López,11
Liga 1|2|3,jornada-17,Leganés,Iván Cuéllar,11
Liga 1|2|3,jornada-17,Girona,Juan Carlos,15
Liga 1|2|3,jornada-18,Espanyol,Raúl De Tomás,12
Liga 1|2|3,jornada-18,Sporting,Uros Djurdjevic,12
Liga 1|2|3,jornada-18,Almería,Umar Sadiq Mesbah,11
Liga 1|2|3,jornada-18,Almería,José Corpas,9
Liga 1|2|3,jornada-18,Mallorca,Manolo Reina,11
Liga 1|2|3,jornada-18,Espanyol,Diego López,11
Liga 1|2|3,jornada-18,Leganés,Iván Cuéllar,11
Liga 1|2|3,jornada-18,Girona,Juan Carlos,15
Liga 1|2|3,jornada-19,Espanyol,Raúl De Tomás,12
Liga 1|2|3,jornada-19,Sporting,Uros Djurdjevic,12
Liga 1|2|3,jornada-19,Almería,Umar Sadiq Mesbah,11
Liga 1|2|3,jornada-19,Almería,José Corpas,9
Liga 1|2|3,jornada-19,Mallorca,Manolo Reina,11
Liga 1|2|3,jornada-19,Espanyol,Diego López,11
Liga 1|2|3,jornada-19,Leganés,Iván Cuéllar,11
Liga 1|2|3,jornada-19,Girona,Juan Carlos,15
Liga 1|2|3,jornada-20,Espanyol,Raúl De Tomás,12
Liga 1|2|3,jornada-20,Sporting,Uros Djurdjevic,12
Liga 1|2|3,jornada-20,Almería,Umar Sadiq Mesbah,11
Liga 1|2|3,jornada-20,Almería,José Corpas,9
Liga 1|2|3,jornada-20,Mallorca,Manolo Reina,11
Liga 1|2|3,jornada-20,Espanyol,Diego López,11
Liga 1|2|3,jornada-20,Leganés,Iván Cuéllar,11
Liga 1|2|3,jornada-20,Girona,Juan Carlos,15
Liga 1|2|3,jornada-21,Espanyol,Raúl De Tomás,12
Liga 1|2|3,jornada-21,Sporting,Uros Djurdjevic,12
Liga 1|2|3,jornada-21,Almería,Umar Sadiq Mesbah,11
Liga 1|2|3,jornada-21,Almería,José Corpas,9
Liga 1|2|3,jornada-21,Mallorca,Manolo Reina,11
Liga 1|2|3,jornada-21,Espanyol,Diego López,11
Liga 1|2|3,jornada-21,Leganés,Iván Cuéllar,11
Liga 1|2|3,jornada-21,Girona,Juan Carlos,15
Liga 1|2|3,jornada-22,Espanyol,Raúl De Tomás,12
Liga 1|2|3,jornada-22,Sporting,Uros Djurdjevic,12
Liga 1|2|3,jornada-22,Almería,Umar Sadiq Mesbah,11
Liga 1|2|3,jornada-22,Almería,José Corpas,9
Liga 1|2|3,jornada-22,Mallorca,Manolo Reina,11
Liga 1|2|3,jornada-22,Espanyol,Diego López,11
Liga 1|2|3,jornada-22,Leganés,Iván Cuéllar,11
Liga 1|2|3,jornada-22,Girona,Juan Carlos,15
Liga 1|2|3,jornada-23,Espanyol,Raúl De Tomás,12
Liga 1|2|3,jornada-23,Sporting,Uros Djurdjevic,12
Liga 1|2|3,jornada-23,Almería,Umar Sadiq Mesbah,11
Liga 1|2|3,jornada-23,Almería,José Corpas,9
Liga 1|2|3,jornada-23,Mallorca,Manolo Reina,11
Liga 1|2|3,jornada-23,Espanyol,Diego López,11
Liga 1|2|3,jornada-23,Leganés,Iván Cuéllar,11
Liga 1|2|3,jornada-23,Girona,Juan Carlos,15
Liga 1|2|3,jornada-24,Espanyol,Raúl De Tomás,12
Liga 1|2|3,jornada-24,Sporting,Uros Djurdjevic,12
Liga 1|2|3,jornada-24,Almería,Umar Sadiq Mesbah,11
Liga 1|2|3,jornada-24,Almería,José Corpas,9
Liga 1|2|3,jornada-24,Mallorca,Manolo Reina,11
Liga 1|2|3,jornada-24,Espanyol,Diego López,11
Liga 1|2|3,jornada-24,Leganés,Iván Cuéllar,11
Liga 1|2|3,jornada-24,Girona,Juan Carlos,15
Liga 1|2|3,jornada-25,Espanyol,Raúl De Tomás,12
Liga 1|2|3,jornada-25,Sporting,Uros Djurdjevic,12
Liga 1|2|3,jornada-25,Almería,Umar Sadiq Mesbah,11
Liga 1|2|3,jornada-25,Almería,José Corpas,9
Liga 1|2|3,jornada-25,Mallorca,Manolo Reina,11
Liga 1|2|3,jornada-25,Espanyol,Diego López,11
Liga 1|2|3,jornada-25,Leganés,Iván Cuéllar,11
Liga 1|2|3,jornada-25,Girona,Juan Carlos,15
Liga 1|2|3,jornada-26,Espanyol,Raúl De Tomás,12
Liga 1|2|3,jornada-26,Sporting,Uros Djurdjevic,12
Liga 1|2|3,jornada-26,Almería,Umar Sadiq Mesbah,11
Liga 1|2|3,jornada-26,Almería,José Corpas,9
Liga 1|2|3,jornada-26,Mallorca,Manolo Reina,11
Liga 1|2|3,jornada-26,Espanyol,Diego López,11
Liga 1|2|3,jornada-26,Leganés,Iván Cuéllar,11
Liga 1|2|3,jornada-26,Girona,Juan Carlos,15
Liga 1|2|3,jornada-27,Espanyol,Raúl De Tomás,12
Liga 1|2|3,jornada-27,Sporting,Uros Djurdjevic,12
Liga 1|2|3,jornada-27,Almería,Umar Sadiq Mesbah,11
Liga 1|2|3,jornada-27,Almería,José Corpas,9
Liga 1|2|3,jornada-27,Mallorca,Manolo Reina,11
Liga 1|2|3,jornada-27,Espanyol,Diego López,11
Liga 1|2|3,jornada-27,Leganés,Iván Cuéllar,11
Liga 1|2|3,jornada-27,Girona,Juan Carlos,15
Liga 1|2|3,jornada-28,Espanyol,Raúl De Tomás,12
Liga 1|2|3,jornada-28,Sporting,Uros Djurdjevic,12
Liga 1|2|3,jornada-28,Almería,Umar Sadiq Mesbah,11
Liga 1|2|3,jornada-28,Almería,José Corpas,9
Liga 1|2|3,jornada-28,Mallorca,Manolo Reina,11
Liga 1|2|3,jornada-28,Espanyol,Diego López,11
Liga 1|2|3,jornada-28,Leganés,Iván Cuéllar,11
Liga 1|2|3,jornada-28,Girona,Juan Carlos,15
Liga 1|2|3,jornada-29,Espanyol,Raúl De Tomás,12
Liga 1|2|3,jornada-29,Sporting,Uros Djurdjevic,12
Liga 1|2|3,jornada-29,Almería,Umar Sadiq Mesbah,11
Liga 1|2|3,jornada-29,Almería,José Corpas,9
Liga 1|2|3,jornada-29,Mallorca,Manolo Reina,11
Liga 1|2|3,jornada-29,Espanyol,Diego López,11
Liga 1|2|3,jornada-29,Leganés,Iván Cuéllar,11
Liga 1|2|3,jornada-29,Girona,Juan Carlos,15
Liga 1|2|3,jornada-30,Espanyol,Raúl De Tomás,12
Liga 1|2|3,jornada-30,Sporting,Uros Djurdjevic,12
Liga 1|2|3,jornada-30,Almería,Umar Sadiq Mesbah,11
Liga 1|2|3,jornada-30,Almería,José Corpas,9
Liga 1|2|3,jornada-30,Mallorca,Manolo Reina,11
Liga 1|2|3,jornada-30,Espanyol,Diego López,11
Liga 1|2|3,jornada-30,Leganés,Iván Cuéllar,11
Liga 1|2|3,jornada-30,Girona,Juan Carlos,15
Liga 1|2|3,jornada-31,Espanyol,Raúl De Tomás,12
Liga 1|2|3,jornada-31,Sporting,Uros Djurdjevic,12
Liga 1|2|3,jornada-31,Almería,Umar Sadiq Mesbah,11
Liga 1|2|3,jornada-31,Almería,José Corpas,9
Liga 1|2|3,jornada-31,Mallorca,Manolo Reina,11
Liga 1|2|3,jornada-31,Espanyol,Diego López,11
Liga 1|2|3,jornada-31,Leganés,Iván Cuéllar,11
Liga 1|2|3,jornada-31,Girona,Juan Carlos,15
Liga 1|2|3,jornada-32,Espanyol,Raúl De Tomás,12
Liga 1|2|3,jornada-32,Sporting,Uros Djurdjevic,12
Liga 1|2|3,jornada-32,Almería,Umar Sadiq Mesbah,11
Liga 1|2|3,jornada-32,Almería,José Corpas,9
Liga 1|2|3,jornada-32,Mallorca,Manolo Reina,11
Liga 1|2|3,jornada-32,Espanyol,Diego López,11
Liga 1|2|3,jornada-32,Leganés,Iván Cuéllar,11
Liga 1|2|3,jornada-32,Girona,Juan Carlos,15
Liga 1|2|3,jornada-33,Espanyol,Raúl De Tomás,12
Liga 1|2|3,jornada-33,Sporting,Uros Djurdjevic,12
Liga 1|2|3,jornada-33,Almería,Umar Sadiq Mesbah,11
Liga 1|2|3,jornada-33,Almería,José Corpas,9
Liga 1|2|3,jornada-33,Mallorca,Manolo Reina,11
Liga 1|2|3,jornada-33,Espanyol,Diego López,11
Liga 1|2|3,jornada-33,Leganés,Iván Cuéllar,11
Liga 1|2|3,jornada-33,Girona,Juan Carlos,15
Liga 1|2|3,jornada-34,Espanyol,Raúl De Tomás,12
Liga 1|2|3,jornada-34,Sporting,Uros Djurdjevic,12
Liga 1|2|3,jornada-34,Almería,Umar Sadiq Mesbah,11
Liga 1|2|3,jornada-34,Almería,José Corpas,9
Liga 1|2|3,jornada-34,Mallorca,Manolo Reina,11
Liga 1|2|3,jornada-34,Espanyol,Diego López,11
Liga 1|2|3,jornada-34,Leganés,Iván Cuéllar,11
Liga 1|2|3,jornada-34,Girona,Juan Carlos,15
Liga 1|2|3,jornada-35,Espanyol,Raúl De Tomás,12
Liga 1|2|3,jornada-35,Sporting,Uros Djurdjevic,12
Liga 1|2|3,jornada-35,Almería,Umar Sadiq Mesbah,11
Liga 1|2|3,jornada-35,Almería,José Corpas,9
Liga 1|2|3,jornada-35,Mallorca,Manolo Reina,11
Liga 1|2|3,jornada-35,Espanyol,Diego López,11
Liga 1|2|3,jornada-35,Leganés,Iván Cuéllar,11
Liga 1|2|3,jornada-35,Girona,Juan Carlos,15
Liga 1|2|3,jornada-36,Espanyol,Raúl De Tomás,12
Liga 1|2|3,jornada-36,Sporting,Uros Djurdjevic,12
Liga 1|2|3,jornada-36,Almería,Umar Sadiq Mesbah,11
Liga 1|2|3,jornada-36,Almería,José Corpas,9
Liga 1|2|3,jornada-36,Mallorca,Manolo Reina,11
Liga 1|2|3,jornada-36,Espanyol,Diego López,11
Liga 1|2|3,jornada-36,Leganés,Iván Cuéllar,11
Liga 1|2|3,jornada-36,Girona,Juan Carlos,15
Liga 1|2|3,jornada-37,Espanyol,Raúl De Tomás,12
Liga 1|2|3,jornada-37,Sporting,Uros Djurdjevic,12
Liga 1|2|3,jornada-37,Almería,Umar Sadiq Mesbah,11
Liga 1|2|3,jornada-37,Almería,José Corpas,9
Liga 1|2|3,jornada-37,Mallorca,Manolo Reina,11
Liga 1|2|3,jornada-37,Espanyol,Diego López,11
Liga 1|2|3,jornada-37,Leganés,Iván Cuéllar,11
Liga 1|2|3,jornada-37,Girona,Juan Carlos,15
Liga 1|2|3,jornada-38,Espanyol,Raúl De Tomás,12
Liga 1|2|3,jornada-38,Sporting,Uros Djurdjevic,12
Liga 1|2|3,jornada-38,Almería,Umar Sadiq Mesbah,11
Liga 1|2|3,jornada-38,Almería,José Corpas,9
Liga 1|2|3,jornada-38,Mallorca,Manolo Reina,11
Liga 1|2|3,jornada-38,Espanyol,Diego López,11
Liga 1|2|3,jornada-38,Leganés,Iván Cuéllar,11
Liga 1|2|3,jornada-38,Girona,Juan Carlos,15
Liga 1|2|3,jornada-39,Espanyol,Raúl De Tomás,12
Liga 1|2|3,jornada-39,Sporting,Uros Djurdjevic,12
Liga 1|2|3,jornada-39,Almería,Umar Sadiq Mesbah,11
Liga 1|2|3,jornada-39,Almería,José Corpas,9
Liga 1|2|3,jornada-39,Mallorca,Manolo Reina,11
Liga 1|2|3,jornada-39,Espanyol,Diego López,11
Liga 1|2|3,jornada-39,Leganés,Iván Cuéllar,11
Liga 1|2|3,jornada-39,Girona,Juan Carlos,15
Liga 1|2|3,jornada-40,Espanyol,Raúl De Tomás,12
Liga 1|2|3,jornada-40,Sporting,Uros Djurdjevic,12
Liga 1|2|3,jornada-40,Almería,Umar Sadiq Mesbah,11
Liga 1|2|3,jornada-40,Almería,José Corpas,9
Liga 1|2|3,jornada-40,Mallorca,Manolo Reina,11
Liga 1|2|3,jornada-40,Espanyol,Diego López,11
Liga 1|2|3,jornada-40,Leganés,Iván Cuéllar,11
Liga 1|2|3,jornada-40,Girona,Juan Carlos,15
Liga 1|2|3,jornada-41,Espanyol,Raúl De Tomás,12
Liga 1|2|3,jornada-41,Sporting,Uros Djurdjevic,12
Liga 1|2|3,jornada-41,Almería,Umar Sadiq Mesbah,11
Liga 1|2|3,jornada-41,Almería,José Corpas,9
Liga 1|2|3,jornada-41,Mallorca,Manolo Reina,11
Liga 1|2|3,jornada-41,Espanyol,Diego López,11
Liga 1|2|3,jornada-41,Leganés,Iván Cuéllar,11
Liga 1|2|3,jornada-41,Girona,Juan Carlos,15
Liga 1|2|3,jornada-42,Espanyol,Raúl De Tomás,12
Liga 1|2|3,jornada-42,Sporting,Uros Djurdjevic,12
Liga 1|2|3,jornada-42,Almería,Umar Sadiq Mesbah,11
Liga 1|2|3,jornada-42,Almería,José Corpas,9
Liga 1|2|3,jornada-42,Mallorca,Manolo Reina,11
Liga 1|2|3,jornada-42,Espanyol,Diego López,11
Liga 1|2|3,jornada-42,Leganés,Iván Cuéllar,11
Liga 1|2|3,jornada-42,Girona,Juan Carlos,15
